<?xml version="1.0" encoding="utf-8" ?>
<Patch>

	<Operation Class="PatchOperationAdd">
		<xpath>*/ThingDef[defName = "Plant_Hops" or defName = "Plant_Smokeleaf" or defName = "Plant_Psychoid"]/plant</xpath>
		<value>
			<purpose>Health</purpose>
		</value>
	</Operation>

	<Operation Class="PatchOperationReplace">
		<xpath>*/ThingDef[defName = "Beer" or defName = "PsychiteTea"]/ingestible/ingestHoldOffsetStanding</xpath>
		<value>
			<ingestHoldOffsetStanding>
				<northDefault>
					<offset>(0.2,0,0.2)</offset>
					<behind>true</behind>
				</northDefault>
				<east>
					<offset>(0.2,0,0)</offset>
				</east>
				<south>
					<offset>(-0.2,0,-0.2)</offset>
				</south>
				<west>
					<offset>(-0.2,0,0)</offset>
				</west>
			</ingestHoldOffsetStanding>
		</value>
	</Operation>

	<Operation Class="PatchOperationAdd">
		<xpath>*/ThingDef[defName = "Beer"]/ingestible</xpath>
		<value>
			<ingestHoldUsesTable>false</ingestHoldUsesTable>
		</value>
	</Operation>     
	
	<Operation Class="PatchOperationFindMod">
		<mods>
			<li>VGP Vegetable Garden</li>
		</mods>
			<match Class="PatchOperationSequence">
				<operations>
					<li Class="PatchOperationRemove">
						<xpath>*/ThingDef[defName = "CPD_CoffeeBeans" or defName = "Rawtea" or defName = "Plant_Tea" or defName = "Plant_Coffee" or defName = "Coffee" or defName = "Cuptea"]</xpath>
					</li>
					<li Class="PatchOperationRemove">
						<xpath>*/RecipeDef[defName = "BrewCoffee" or defName = "BulkBrewCoffee" or defName = "BrewTea" or defName = "BulkBrewTea"]</xpath>
					</li>
				</operations>
			</match>
	</Operation>

	<Operation Class="PatchOperationFindMod">
		<mods>
			<li>[1.0, 1.1] RimCuisine 2 Core</li>
		</mods>
			<match Class="PatchOperationSequence">
			<operations>
				<li Class="PatchOperationReplace">
					<xpath>*/ThingDef[@Name = "RC2_PlantCoffeeBase"]/plant/harvestedThingDef</xpath>
					<value>
						<harvestedThingDef>SyrRawCoffee</harvestedThingDef>
					</value>
				</li>
				<li Class="PatchOperationReplace">
					<xpath>*/ThingDef[@Name = "RC2_PlantTeaBase"]/plant/harvestedThingDef</xpath>
					<value>
						<harvestedThingDef>SyrRawTea</harvestedThingDef>
					</value>
				</li>
				<li Class="PatchOperationAdd">
					<xpath>*/ThingDef[@Name = "RC2_PlantCoffeeBase" or @Name = "RC2_PlantTeaBase"]/plant</xpath>
					<value>
						<sowTags />
					</value>
				</li>
				<li Class="PatchOperationRemove">
					<xpath>*/ThingDef[defName = "RC2_PlantCoffeeHydro" or defName = "RC2_RawCoffeeBeans" or defName = "RC2_Coffee" or defName = "RC2_PlantTeaHydro" or defName = "RC2_GreenTea" or defName = "RC2_RawTeaLeaves"]</xpath>
				</li>
				<li Class="PatchOperationRemove">
					<xpath>*/RecipeDef[defName = "RC2_ProcessCoffee" or defName = "RC2_BrewTea"]</xpath>
				</li>
				<li Class="PatchOperationRemove">
					<xpath>*/JoyGiverDef[defName = "RC2_DrinkCoffee" or defName = "RC2_DrinkGreenTea"]</xpath>
				</li>
			</operations>
			</match>
	</Operation>

	<Operation Class="PatchOperationFindMod">
		<mods>
			<li>RimCuisine 2: Bottling and Booze Expansion (Continued)</li>
		</mods>
			<match Class="PatchOperationSequence">
			<operations>
				<li Class="PatchOperationReplace">
					<xpath>*/RecipeDef[defName = "RC2_ProcessEnergyDrink" or defName = "RC2_ProcessEnergyDrinkBulk"]//thingDefs/li[text()="RC2_RawCoffeeBeans"]</xpath>
					<value><li>SyrRawCoffee</li></value>
				</li>
				<li Class="PatchOperationReplace">
					<xpath>*/RecipeDef[defName = "RC2_ProcessEnergyDrink" or defName = "RC2_ProcessEnergyDrinkBulk" or defName = "RC2_MakeIcedTea" or defName = "RC2_MakeIcedTeaBulk"]//thingDefs/li[text()="RC2_RawTeaLeaves"]</xpath>
					<value><li>SyrRawTea</li></value>
				</li>
			</operations>
			</match>
	</Operation>

	<Operation Class="PatchOperationFindMod">
		<mods>
			<li>RimCuisine 2 Meals and Munchies Expansion (Continued)</li>
		</mods>
			<match Class="PatchOperationSequence">
			<operations>
				<li Class="PatchOperationRemove">
					<xpath>*/RecipeDef[defName = "RC2_ProcessCoffeeBulk" or defName = "RC2_BrewTeaBulk"]</xpath>
				</li>
			</operations>
			</match>
	</Operation>

</Patch>