<?xml version="1.0" encoding="utf-8" ?>

<Defs>

  <ThingDef ParentName="PlantBase">
    <defName>Plant_SyrCoffee</defName>
    <label>coffee plant</label>
    <description>A green, leafy plant yielding coffee beans. These beans can be brewed into a tasty beverage.</description>
    <graphicData>
      <texPath>Things/Plant/SyrCoffeePlant</texPath>
	    <graphicClass>Graphic_Single</graphicClass>
    </graphicData>
	<statBases>
		<MaxHitPoints>120</MaxHitPoints>
		<Nutrition>0.2</Nutrition>
	</statBases>
	<selectable>true</selectable>
    <neverMultiSelect>false</neverMultiSelect>
	<pathCost>10</pathCost>
    <plant>
      <harvestedThingDef>SyrRawCoffee</harvestedThingDef>
      <harvestYield>10</harvestYield>
      <growDays>12</growDays>
      <harvestAfterGrowth>0.05</harvestAfterGrowth>
      <dieIfLeafless>true</dieIfLeafless>
      <harvestTag>Standard</harvestTag>
      <sowTags>
      <li>Ground</li>
      <li>Hydroponic</li>
      </sowTags>
      <visualSizeRange>0.5~1.1</visualSizeRange>
      <topWindExposure>0.1</topWindExposure>
      <purpose>Health</purpose>
      <immatureGraphicPath>Things/Plant/SyrCoffeePlantImmature</immatureGraphicPath>
    </plant>
  </ThingDef>

  <ThingDef ParentName="RoughPlantBase">
    <defName>SyrRawCoffee</defName>
    <label>coffee beans</label>
    <description>Raw Coffee. Best prepared as a beverage.</description>
    <graphicData>
		<texPath>Things/Item/Resource/PlantFoodRaw/RawCoffee</texPath>
    </graphicData>
    <statBases>
      <MarketValue>2</MarketValue>
    </statBases>
    <comps>
      <li Class="CompProperties_Rottable">
        <daysToRotStart>30</daysToRotStart>
        <rotDestroys>true</rotDestroys>
      </li>
    </comps>
    <thingCategories>
      <li>PlantMatter</li>
    </thingCategories>
    <ingestible>
      <preferability>DesperateOnly</preferability>
    </ingestible>
  </ThingDef>
  
  <ThingDef ParentName="DrugBase">
    <defName>SyrCoffee</defName>
    <label>coffee</label>
    <description>A delicious hot cup of coffee. The caffeine in it helps focus when working and allows people to stay up longer, however they need more energy and thus food.</description>
	<graphicData>
	<texPath>Things/Item/Drug/SyrCoffee</texPath>
	<graphicClass>Graphic_StackCount</graphicClass>
	</graphicData>
    <rotatable>false</rotatable>
    <statBases>
      <WorkToMake>300</WorkToMake>
      <MarketValue>16.5</MarketValue>
      <Mass>0.05</Mass>
    </statBases>
    <techLevel>Neolithic</techLevel>
    <ingestible>
	    <preferability>NeverForNutrition</preferability>
      <chairSearchRadius>16</chairSearchRadius>
      <foodType>Fluid, Processed</foodType>
      <joyKind>Luxury</joyKind>
      <joy>0.3</joy>
      <baseIngestTicks>240</baseIngestTicks>
      <nurseable>true</nurseable>
      <drugCategory>Social</drugCategory>
      <ingestSound>Ingest_Drink</ingestSound>
      <ingestHoldOffsetStanding>
        <northDefault>
          <offset>(0.2,0,0.2)</offset>
          <behind>true</behind>
        </northDefault>
        <east>
          <offset>(0.2,0,0)</offset>
        </east>
        <south>
          <offset>(-0.2,0,-0.2)</offset>
        </south>
        <west>
          <offset>(-0.2,0,0)</offset>
        </west>
      </ingestHoldOffsetStanding>
      <ingestHoldUsesTable>false</ingestHoldUsesTable>
      <ingestCommandString>Drink {0}</ingestCommandString>
      <ingestReportString>Drinking {0}.</ingestReportString>
      <outcomeDoers>
        <li Class="IngestionOutcomeDoer_GiveHediff">
          <hediffDef>SyrCoffeeHigh</hediffDef>
          <severity>0.35</severity>
        </li>
        <li Class="IngestionOutcomeDoer_GiveHediff">
          <hediffDef>SyrCaffeineTolerance</hediffDef>
          <severity>0.05</severity>
		    <divideByBodySize>true</divideByBodySize>
		</li>
        <li Class="IngestionOutcomeDoer_OffsetNeed">
          <need>Rest</need>
          <offset>0.15</offset>
        </li>
        <li Class="CoffeeAndTea.IngestionOutcomeDoer_RemoveHediff">
          <hediffDef>SyrTeaHigh</hediffDef>
        </li>
      </outcomeDoers>
    </ingestible>
    <comps>
      <li Class="CompProperties_Drug">
        <chemical>SyrCaffeine</chemical>
        <addictiveness>0.05</addictiveness>
        <minToleranceToAddict>0.20</minToleranceToAddict>
        <existingAddictionSeverityOffset>0.1</existingAddictionSeverityOffset>
        <needLevelOffset>1</needLevelOffset>
        <listOrder>7</listOrder>
      </li>
    </comps>
  </ThingDef>
  
  <HediffDef>
    <defName>SyrCoffeeHigh</defName>
    <hediffClass>HediffWithComps</hediffClass>
    <label>coffee</label>
    <description>A positive effect on mental abilities caused by the ingestion of coffee.</description>
    <labelNoun>effects of coffee</labelNoun>
    <defaultLabelColor>(1,0.5,0)</defaultLabelColor>
    <maxSeverity>1.0</maxSeverity>
    <isBad>false</isBad>
    <comps>
      <li Class="HediffCompProperties_SeverityPerDay">
        <severityPerDay>-1.0</severityPerDay>
      </li>
    </comps>
      <stages>
        <li>
          <label>energized</label>
          <restFallFactor>0.8</restFallFactor>
          <hungerRateFactor>1.2</hungerRateFactor>
            <capMods>
              <li>
                <capacity>Consciousness</capacity>
                <offset>0.1</offset>
              </li>
            </capMods>
          <statOffsets>
            <WorkSpeedGlobal>0.1</WorkSpeedGlobal>
          </statOffsets>
        </li>
        <li>
          <minSeverity>0.5</minSeverity>
          <label>wired</label>
          <restFallFactor>0.8</restFallFactor>
          <hungerRateFactor>1.2</hungerRateFactor>
            <capMods>
              <li>
                <capacity>Consciousness</capacity>
                <offset>0.1</offset>
              </li>
            </capMods>
          <statOffsets>
            <WorkSpeedGlobal>0.2</WorkSpeedGlobal>
          </statOffsets>
        </li>
      </stages>
  </HediffDef>


  <ThoughtDef>
    <defName>SyrCoffeeHigh</defName>
    <workerClass>ThoughtWorker_Hediff</workerClass>
    <hediff>SyrCoffeeHigh</hediff>
    <stages>
      <li>
        <label>Coffee</label>
        <description>I had an energizing cup of coffee.</description>
        <baseMoodEffect>3</baseMoodEffect>
      </li>
    </stages>
  </ThoughtDef>

</Defs>