<?xml version="1.0" encoding="utf-8" ?>

<Defs>

  <RecipeDef>
	<defName>Brew_SyrCoffee</defName>
	<label>brew coffee</label>
	<description>Brew four cups of coffee</description>
	<jobString>Brewing coffee.</jobString>
	<workSpeedStat>DrugCookingSpeed</workSpeedStat>
	<effectWorking>Cook</effectWorking>
	<soundWorking>Recipe_Brewing</soundWorking>
	<allowMixingIngredients>true</allowMixingIngredients>
	<recipeUsers>
		<li>ElectricStove</li>
	  	<li>FueledStove</li>
		<li>Campfire</li>
    </recipeUsers>
	<workAmount>300</workAmount>
    <targetCountAdjustment>1</targetCountAdjustment>
	<ingredients>
	  <li>
	    <filter>
	      <thingDefs>
	        <li>SyrRawCoffee</li>
	      </thingDefs>
	    </filter>
	    <count>20</count>
	  </li>
	</ingredients>
	<fixedIngredientFilter>
	  <thingDefs>
	    <li>SyrRawCoffee</li>
	  </thingDefs>
	</fixedIngredientFilter>
	<products>
	  <SyrCoffee>4</SyrCoffee>
	</products>
	<workSkill>Cooking</workSkill>
  </RecipeDef>

  <RecipeDef>
	<defName>Brew_SyrTea</defName>
	<label>brew tea</label>
	<description>Brew four cups of tea</description>
	<jobString>Brewing tea.</jobString>
	<workSpeedStat>DrugCookingSpeed</workSpeedStat>
	<effectWorking>Cook</effectWorking>
	<soundWorking>Recipe_Brewing</soundWorking>
	<allowMixingIngredients>true</allowMixingIngredients>
	<recipeUsers>
		<li>ElectricStove</li>
	  	<li>FueledStove</li>
		<li>Campfire</li>
    </recipeUsers>
	<workAmount>300</workAmount>
    <targetCountAdjustment>1</targetCountAdjustment>
	<ingredients>
	  <li>
	    <filter>
	      <thingDefs>
	        <li>SyrRawTea</li>
	      </thingDefs>
	    </filter>
	    <count>20</count>
	  </li>
	</ingredients>
	<fixedIngredientFilter>
	  <thingDefs>
	    <li>SyrRawTea</li>
	  </thingDefs>
	</fixedIngredientFilter>
	<products>
	  <SyrTea>4</SyrTea>
	</products>
	<workSkill>Cooking</workSkill>
  </RecipeDef>
  
  <RecipeDef>
	<defName>Brew_SyrHotChocolate</defName>
	<label>brew hot chocolate</label>
	<description>Brew four cups of hot chocolate</description>
	<jobString>Brewing hot chocolate.</jobString>
	<workSpeedStat>CookSpeed</workSpeedStat>
	<effectWorking>Cook</effectWorking>
	<soundWorking>Recipe_Brewing</soundWorking>
	<allowMixingIngredients>true</allowMixingIngredients>
	<recipeUsers>
		<li>ElectricStove</li>
	  	<li>FueledStove</li>
		<li>Campfire</li>
    </recipeUsers>
	<workAmount>150</workAmount>
    <targetCountAdjustment>1</targetCountAdjustment>
	<ingredients>
	  <li>
	    <filter>
	      <thingDefs>
	        <li>Chocolate</li>
	      </thingDefs>
	    </filter>
	    <count>2</count>
	  </li>
	  	  <li>
	    <filter>
	      <thingDefs>
	        <li>Milk</li>
	      </thingDefs>
	    </filter>
	    <count>2</count>
	  </li>
	</ingredients>
	<fixedIngredientFilter>
	  <thingDefs>
		<li>Chocolate</li>
		<li>Milk</li>
	  </thingDefs>
	</fixedIngredientFilter>
	<products>
	  <SyrHotChocolate>4</SyrHotChocolate>
	</products>
	<workSkill>Cooking</workSkill>
  </RecipeDef>

</Defs>