﻿<?xml version="1.0" encoding="utf-8"?>
<ModMetaData>
    <name>[SYR] Coffee and Tea</name>
    <author>Syrchalis</author>
    <supportedVersions>
        <li>1.0</li>
        <li>1.1</li>
        <li>1.2</li>
        <li>1.3</li>
        <li>1.4</li>
    </supportedVersions>
	<url>https://ludeon.com/forums/index.php?topic=43449</url>
    <description>Adds coffee and tea. They are plantable drugs, similar to smokeleaf and psychoid, however they are not addictive. They don't require research. Brewing tea or coffee can be done at a stove or campfire. They provide very different benefits and are mutually exclusive.
	
Coffee:
- Restores rest
- Increases hunger rate
- Decreases tiredness rate
- Increased consciousness and work speed
- Small mood buff
- Increased effect after two cups
	
Tea:
- Restores a little food and rest
- Decreases hunger rate
- Increased learning speed
- Large mood buff
	
The effects they grant are mutually exclusive. Drinking coffee will remove the tea effect and drinking tea will remove the coffee effect. Both bewerages grant joy in form of luxury, a new type of joy.

This mod comes with a small C# assembly that allows removal of hediffs by ingestion (interesting if you are a modder and want to use that class) and a patch to the way pawns act. They will avoid drinking tea if they have the coffee effect and vice versa.</description>
    <packageId>syrchalis.coffeeandtea</packageId>
    <modDependencies>
    <li>
        <packageId>brrainz.harmony</packageId>
        <displayName>Harmony</displayName>
        <steamWorkshopUrl>steam://url/CommunityFilePage/2009463077</steamWorkshopUrl>
        <downloadUrl>https://github.com/pardeike/HarmonyRimWorld/releases/latest</downloadUrl>
    </li>
</modDependencies>
</ModMetaData>